active.title|Fitness, yoga et studio|Fitness, yoga y estudio|Fitness, ioga e estúdio|Фитнес, йога и студийные занятия|健身、瑜伽与室内运动
active.intro|Préparez la coupe, le niveau de maintien et la gamme de tailles selon les mouvements prévus. Validez l’opacité, le confort des coutures et la tenue après lavage sur les matières et coloris réellement commandés.|Define el ajuste, la sujeción y las tallas según los movimientos previstos. Comprueba opacidad, comodidad de las costuras y comportamiento tras el lavado con los tejidos y colores del pedido real.|Defina o corte, o suporte e os tamanhos segundo os movimentos previstos. Verifique a opacidade, o conforto das costuras e o comportamento após lavagem com os tecidos e cores da encomenda real.|Определите посадку, поддержку и размерный ряд с учётом движений. Проверьте непрозрачность, комфорт швов и поведение после стирки на материалах и цветах конкретного заказа.|根据实际动作确定版型、支撑程度和尺码范围，使用订单对应的面料与颜色验证遮透性、接缝舒适度及洗后表现。
active.points|Élasticité et récupération du tissu;Stabilité de la taille et couverture en mouvement;Tailles, maintien et confort des coutures;Boulochage, lavage et cohérence des couleurs|Elasticidad y recuperación del tejido;Estabilidad de cintura y cobertura en movimiento;Tallas, sujeción y comodidad de costuras;Pilling, lavado y uniformidad del color|Elasticidade e recuperação do tecido;Estabilidade da cintura e cobertura em movimento;Tamanhos, suporte e conforto das costuras;Borboto, lavagem e uniformidade da cor|Растяжимость и восстановление ткани;Стабильность пояса и покрытие при движении;Размеры, поддержка и комфорт швов;Пиллинг, стирка и согласованность цвета|面料弹性与回复性;运动中的腰头稳定与遮盖;尺码、支撑及接缝舒适度;起球、洗涤与颜色一致性
team.title|Tenues d’équipe et de club|Uniformes de equipo y club|Equipamentos de equipa e clube|Форма для команд и клубов|团队与俱乐部队服
team.intro|Reliez chaque vêtement à une liste de joueurs approuvée : taille, nom, numéro, rôle et quantité. Vérifiez les règles de la compétition concernée avant de figer les logos, numéros et couleurs.|Vincula cada prenda a una lista de jugadores aprobada: talla, nombre, número, función y cantidad. Revisa las reglas de la competición antes de cerrar logotipos, números y colores.|Associe cada peça a uma lista de jogadores aprovada: tamanho, nome, número, função e quantidade. Verifique as regras da competição antes de fechar logótipos, números e cores.|Свяжите каждое изделие с утверждённым списком игроков: размер, имя, номер, роль и количество. Проверьте регламент конкретного соревнования до согласования логотипов, номеров и цветов.|将每件服装对应到已确认的队员名单，包括尺码、姓名、号码、角色和数量。标志、号码与颜色定稿前，应核对实际参赛赛事的规则。
team.points|Répartition adultes, jeunes et rôles;Dimensions et emplacement des numéros;Fichiers sponsors et versions validées;Sachets individuels, étiquettes et cartons par équipe|Distribución de adultos, jóvenes y funciones;Medidas y ubicación de los números;Archivos de patrocinadores y versiones aprobadas;Bolsas individuales, etiquetas y cajas por equipo|Distribuição de adultos, jovens e funções;Dimensões e posição dos números;Ficheiros de patrocinadores e versões aprovadas;Sacos individuais, etiquetas e caixas por equipa|Взрослые, юниоры и роли игроков;Размеры и расположение номеров;Файлы спонсоров и утверждённые версии;Индивидуальные пакеты, этикетки и коробки по командам|成人、青少年及队员角色配比;号码尺寸与位置;赞助商文件及确认版本;个人分袋、标签与按队装箱
endurance.title|Course, cyclisme et endurance|Running, ciclismo y resistencia|Corrida, ciclismo e resistência|Бег, велоспорт и выносливость|跑步、骑行与耐力运动
endurance.intro|Évaluez le vêtement pendant l’effort, avec les poches chargées et dans la posture prévue. Une photo ne permet pas de confirmer le confort, la gestion de l’humidité ou la stabilité des composants.|Evalúa la prenda durante el esfuerzo, con los bolsillos cargados y en la postura de uso. Una foto no confirma comodidad, gestión de humedad ni estabilidad de los componentes.|Avalie a peça durante o esforço, com os bolsos carregados e na postura de utilização. Uma fotografia não confirma conforto, gestão de humidade nem estabilidade dos componentes.|Проверяйте изделие при нагрузке, с наполненными карманами и в рабочей позе. Фотография не подтверждает комфорт, отвод влаги или стабильность элементов.|应在实际运动姿态与口袋负重条件下测试服装。仅凭照片无法确认舒适度、湿气管理或各部件的稳定性。
endurance.points|Position des coutures et risque de frottement;Poches, doublures, fermetures et maintien;Coupe en mouvement et posture sportive;Tests de lavage et essais d’usage documentés|Posición de costuras y riesgo de rozaduras;Bolsillos, forros, cierres y estabilidad;Ajuste en movimiento y postura deportiva;Lavado y pruebas de uso documentadas|Posição das costuras e risco de fricção;Bolsos, forros, fechos e estabilidade;Corte em movimento e postura desportiva;Lavagem e ensaios de utilização documentados|Швы и риск натирания;Карманы, подкладки, застёжки и фиксация;Посадка в движении и спортивной позе;Документированные испытания при носке и стирке|接缝位置与摩擦风险;口袋、内衬、拉链及固定;运动姿态下的版型适配;有记录的洗涤与穿着测试
court.title|Sports de raquette et de précision|Deportes de raqueta y precisión|Desportos de raquete e precisão|Ракеточные и точностные виды спорта|球拍与技巧类运动
court.intro|Définissez l’aisance aux épaules, la liberté des jambes et la gestion des accessoires selon la discipline. Contrôlez les poches, les sous-shorts et les ouvertures pendant les gestes réels du sport.|Define la movilidad de hombros y piernas y el uso de accesorios según la disciplina. Comprueba bolsillos, pantalones interiores y aberturas durante los movimientos reales del deporte.|Defina a mobilidade dos ombros e pernas e o uso de acessórios segundo a modalidade. Verifique bolsos, calções interiores e aberturas durante os movimentos reais do desporto.|Определите свободу плеч и ног и размещение аксессуаров с учётом дисциплины. Проверьте карманы, внутренние шорты и разрезы при характерных спортивных движениях.|按运动项目明确肩部与腿部活动量以及配件使用方式，并在真实动作中检查口袋、内衬短裤与开口设计。
court.points|Coupe, longueur et liberté de mouvement;Poches adaptées aux objets transportés;Col, patte de boutonnage et finitions;Couleurs de club et tenue après lavage|Corte, longitud y libertad de movimiento;Bolsillos adecuados a los objetos transportados;Cuello, tapeta y acabados;Colores de club y comportamiento tras lavado|Corte, comprimento e liberdade de movimento;Bolsos adequados aos objetos transportados;Gola, carcela e acabamentos;Cores do clube e comportamento após lavagem|Крой, длина и свобода движений;Карманы под конкретные предметы;Воротник, планка и отделка;Клубные цвета и поведение после стирки|版型、长度与活动自由度;匹配实际携带物的口袋;领口、门襟与收边;俱乐部配色与洗后表现
outdoor.title|Vêtements d’extérieur|Ropa de exterior|Roupa de exterior|Одежда для активного отдыха|户外运动服装
outdoor.intro|Précisez le climat, les couches portées et l’usage attendu. Les propriétés annoncées, comme la résistance à l’eau ou la protection solaire, doivent être reliées à une méthode d’essai et à des résultats pertinents.|Especifica clima, capas y uso previsto. Las propiedades anunciadas, como resistencia al agua o protección solar, deben vincularse a un método de ensayo y resultados pertinentes.|Indique o clima, as camadas e a utilização prevista. As propriedades anunciadas, como resistência à água ou proteção solar, devem estar ligadas a um método de ensaio e resultados relevantes.|Укажите климат, сочетание слоёв и предполагаемое использование. Заявления о водостойкости или защите от солнца должны подтверждаться подходящими испытаниями и результатами.|明确气候、叠穿方式与预期用途。防水、遮阳等性能主张应对应适用的测试方法及相关结果。
outdoor.points|Compatibilité des couches et équipements;Capuche, poignets, poches et fermetures;Renforts et confort sous les accessoires;Preuves des performances annoncées|Compatibilidad de capas y equipamiento;Capucha, puños, bolsillos y cierres;Refuerzos y comodidad bajo accesorios;Pruebas de las prestaciones anunciadas|Compatibilidade de camadas e equipamento;Capuz, punhos, bolsos e fechos;Reforços e conforto sob acessórios;Evidências do desempenho anunciado|Совместимость слоёв и экипировки;Капюшон, манжеты, карманы и застёжки;Усиления и комфорт под аксессуарами;Подтверждение заявленных свойств|叠穿与装备兼容性;帽型、袖口、口袋与拉链;受力补强及配件下的舒适度;所宣称性能的验证证据
water.title|Natation et sports nautiques|Natación y deportes acuáticos|Natação e desportos aquáticos|Плавание и водный спорт|游泳与水上运动
water.intro|Vérifiez le vêtement sec et mouillé, en tenant compte de la transparence, du maintien et du contact avec l’eau. Précisez les conditions d’usage et d’entretien pour valider les matières et finitions.|Revisa la prenda seca y mojada, considerando transparencia, sujeción y contacto con el agua. Define uso y cuidado para validar materiales y acabados.|Verifique a peça seca e molhada, considerando transparência, suporte e contacto com a água. Defina utilização e cuidados para validar materiais e acabamentos.|Проверяйте изделие в сухом и мокром состоянии: прозрачность, фиксацию и контакт с водой. Уточните условия использования и ухода для согласования материалов и отделки.|分别在干态与湿态检查遮透、固定和接触水后的表现，明确使用与护理条件后再确认材料及工艺。
water.points|Couverture et opacité à l’état mouillé;Doublure, élastiques et coutures;Confort des fermetures et cordons;Résistance des couleurs selon l’usage prévu|Cobertura y opacidad en mojado;Forro, elásticos y costuras;Comodidad de cierres y cordones;Resistencia del color según el uso previsto|Cobertura e opacidade em molhado;Forro, elásticos e costuras;Conforto de fechos e cordões;Resistência da cor segundo a utilização prevista|Покрытие и непрозрачность во влажном виде;Подкладка, резинки и швы;Комфорт застёжек и шнурков;Стойкость цвета для заданного применения|湿态遮盖与遮透;内衬、弹性带与接缝;拉链及抽绳舒适度;针对预期用途的色牢度
combat.title|Sports de combat|Deportes de combate|Desportos de combate|Единоборства|搏击与格斗运动
combat.intro|Adaptez la coupe au contact, à la flexion et aux mouvements de la discipline. Les coutures, marquages et fermetures ne doivent pas être approuvés uniquement sur l’aspect visuel : examinez leur comportement pendant l’essai.|Adapta el ajuste al contacto, la flexión y los movimientos de la disciplina. No apruebes costuras, logos y cierres solo por su apariencia: examina su comportamiento durante la prueba.|Adapte o corte ao contacto, à flexão e aos movimentos da modalidade. Não aprove costuras, marcas e fechos apenas pelo aspeto: examine o comportamento durante o ensaio.|Адаптируйте крой к контакту, сгибанию и движениям дисциплины. Оценивайте швы, нанесение и застёжки не только визуально, но и в ходе испытаний.|根据接触、屈伸及项目动作调整版型。接缝、标识与闭合件不能仅凭外观批准，还需检查试穿过程中的实际表现。
combat.points|Couverture pendant flexion et rotation;Position des coutures et renforts;Taille, ouverture de jambe et stabilité;Restrictions de la compétition concernée|Cobertura al flexionar y girar;Posición de costuras y refuerzos;Cintura, pernera y estabilidad;Restricciones de la competición concreta|Cobertura ao fletir e rodar;Posição de costuras e reforços;Cintura, abertura da perna e estabilidade;Restrições da competição em causa|Покрытие при сгибании и вращении;Расположение швов и усилений;Пояс, вырезы ног и устойчивость;Ограничения конкретного соревнования|屈伸与旋转中的遮盖;接缝位置及补强;腰头、裤口与稳定性;实际赛事对服装的限制
lifestyle.title|Collections de club et vêtements de détente|Colecciones de club y ropa casual|Coleções de clube e roupa casual|Клубные коллекции и повседневная одежда|俱乐部与日常运动休闲
lifestyle.intro|Construisez une gamme cohérente de hauts, vestes et bas. Confirmez le poids du tissu, le toucher, la coupe, les bords-côtes et les finitions pour retrouver la même identité dans l’ensemble de la collection.|Crea una gama coherente de prendas superiores, chaquetas y pantalones. Confirma gramaje, tacto, ajuste, canalé y acabados para mantener la identidad de toda la colección.|Crie uma gama coerente de partes de cima, casacos e calças. Confirme gramagem, toque, corte, canelado e acabamentos para manter a identidade de toda a coleção.|Создайте согласованную линейку верхов, курток и брюк. Определите плотность, тактильные свойства, крой, манжеты и отделку для единого характера коллекции.|协调上衣、外套与裤装系列，确认克重、手感、版型、罗纹和细节工艺，保持整组产品的品牌一致性。
lifestyle.points|Poids, toucher et intérieur du tissu;Coupe et proportions des différentes tailles;Broderies, écussons, cordons et fermetures;Étiquettes, précommandes et réassort|Gramaje, tacto e interior del tejido;Corte y proporciones por talla;Bordados, parches, cordones y cierres;Etiquetas, preventas y reposición|Gramagem, toque e interior do tecido;Corte e proporções por tamanho;Bordados, emblemas, cordões e fechos;Etiquetas, pré-encomendas e reposição|Плотность, фактура и изнанка ткани;Крой и пропорции размерного ряда;Вышивка, нашивки, шнурки и застёжки;Этикетки, предзаказы и повторные партии|克重、手感与内侧结构;不同尺码的版型比例;绣花、章标、抽绳与拉链;标签、预售与补单规划
accessories.title|Accessoires et compléments de collection|Accesorios y complementos de colección|Acessórios e complementos de coleção|Аксессуары для коллекций|运动配件与系列补充
accessories.intro|Coordonnez les accessoires avec les vêtements sans supposer qu’ils partagent le même minimum de commande ou le même délai. Chaque construction, composant et marquage doit avoir sa propre fiche approuvée.|Coordina los accesorios con las prendas sin asumir que comparten mínimos o plazos. Cada construcción, componente y personalización necesita su propia ficha aprobada.|Coordene os acessórios com a roupa sem assumir mínimos ou prazos iguais. Cada construção, componente e personalização precisa da sua própria ficha aprovada.|Согласуйте аксессуары с одеждой, не предполагая одинаковые минимальные объёмы и сроки. Для каждой конструкции, детали и нанесения нужна своя утверждённая спецификация.|配件可以与服装协调开发，但不能假设起订量与交期相同；每种结构、部件和品牌工艺都需要单独确认。
accessories.points|Dimensions, capacité et matières;Renforts, sangles, visières ou zones de maintien;Logo et couleur des composants;Conditionnement individuel et quantité par carton|Dimensiones, capacidad y materiales;Refuerzos, correas, viseras o zonas de sujeción;Logotipo y color de componentes;Embalaje individual y unidades por caja|Dimensões, capacidade e materiais;Reforços, alças, palas ou zonas de suporte;Logótipo e cor dos componentes;Embalagem individual e unidades por caixa|Размеры, вместимость и материалы;Усиления, ремни, козырьки или зоны фиксации;Логотип и цвет комплектующих;Индивидуальная упаковка и количество в коробке|尺寸、容量与材料;补强、织带、帽檐或支撑区域;标志及部件颜色;单件包装与每箱数量
packaging.title|Étiquettes et emballages|Etiquetas y embalajes|Etiquetas e embalagens|Этикетки и упаковка|标签与包装
packaging.intro|Associez les fichiers d’emballage aux bons produits, tailles et codes. Séparez les minimums par composant, le stock restant et les responsabilités en cas de changement de logo, de texte ou de gamme.|Vincula los archivos de embalaje con los productos, tallas y códigos correctos. Separa mínimos por componente, stock restante y responsabilidades ante cambios de logo, texto o colección.|Associe os ficheiros de embalagem aos produtos, tamanhos e códigos corretos. Separe mínimos por componente, stock restante e responsabilidades perante alterações de logótipo, texto ou coleção.|Свяжите макеты упаковки с правильными изделиями, размерами и кодами. Отдельно согласуйте минимумы компонентов, остатки и ответственность при изменениях логотипа, текста или ассортимента.|将包装文件与正确的产品、尺码和编码关联，分别确认各部件起订量、剩余库存，以及标志、文案或产品系列变更时的责任。
packaging.points|Dimensions, matières et fichiers finaux;Étiquettes de taille, composition et entretien;Codes-barres, sachets et regroupements;Marques de carton et traitement du stock restant|Dimensiones, materiales y archivos finales;Etiquetas de talla, composición y cuidado;Códigos de barras, bolsas y agrupaciones;Marcas de cajas y gestión del stock restante|Dimensões, materiais e ficheiros finais;Etiquetas de tamanho, composição e cuidados;Códigos de barras, sacos e agrupamentos;Marcas das caixas e gestão do stock restante|Размеры, материалы и финальные макеты;Размерные, составные и уходовые этикетки;Штрихкоды, пакеты и комплектация;Маркировка коробок и остатки упаковки|尺寸、材料与最终文件;尺码、成分及洗护标签;条形码、包装袋与组合方式;外箱标识及剩余包材处理
manufacturing.title|Choisir votre route de fabrication|Elige tu modalidad de fabricación|Escolher a modalidade de produção|Выбор схемы производства|选择制造与开发方式
manufacturing.intro|Un projet OEM part de spécifications définies par l’acheteur. Un projet ODM peut inclure une base de développement proposée. Précisez qui prépare le patron, les matières, le dossier technique et les validations pour comparer les offres.|Un proyecto OEM parte de especificaciones del comprador. Un proyecto ODM puede incluir una base de desarrollo propuesta. Define quién prepara patrón, materiales, ficha técnica y aprobaciones para comparar ofertas.|Um projeto OEM parte das especificações do comprador. Um projeto ODM pode incluir uma base de desenvolvimento proposta. Defina quem prepara moldes, materiais, ficha técnica e aprovações para comparar propostas.|Проект OEM опирается на спецификацию заказчика. ODM может включать предложенную основу разработки. Уточните ответственность за лекала, материалы, техпакет и согласования для сравнения предложений.|OEM 通常依据买方规格开展，ODM 可以包含供应方提出的开发基础。比较方案前，应明确纸样、材料、工艺单和审批分别由谁负责。
manufacturing.points|Documents déjà prêts et éléments à développer;Propriété et versions des fichiers;Échantillons, retouches et critères d’acceptation;Périmètre du devis et responsabilités|Documentos listos y aspectos por desarrollar;Propiedad y versiones de archivos;Muestras, cambios y criterios de aceptación;Alcance del presupuesto y responsabilidades|Documentos prontos e pontos a desenvolver;Propriedade e versões dos ficheiros;Amostras, alterações e critérios de aceitação;Âmbito do orçamento e responsabilidades|Готовые документы и задачи разработки;Права и версии файлов;Образцы, доработки и критерии приёмки;Объём расчёта и ответственность|已有资料与待开发项目;文件权属与版本;样品、修改及验收标准;报价范围与双方责任
commercial.title|Quantités, devis et commandes|Cantidades, presupuestos y pedidos|Quantidades, orçamentos e encomendas|Количество, стоимость и заказы|数量、报价与订单
commercial.intro|Comparez les offres sur un périmètre identique. Distinguez les coûts d’échantillons, de production, de marquage, d’emballage, de contrôle et de transport. Faites confirmer les quantités et les dates avant de lancer les achats.|Compara ofertas con el mismo alcance. Separa muestras, producción, personalización, embalaje, inspección y transporte. Confirma cantidades y fechas antes de iniciar compras.|Compare propostas com o mesmo âmbito. Separe amostras, produção, personalização, embalagem, inspeção e transporte. Confirme quantidades e datas antes de iniciar compras.|Сравнивайте предложения на одинаковых условиях. Разделяйте образцы, производство, нанесение, упаковку, проверку и доставку. Подтвердите количество и даты до закупки материалов.|在相同范围内比较报价，分别列明样品、生产、品牌加工、包装、检验与运输费用，并在采购开始前确认数量和日期。
commercial.points|Minimums par modèle, couleur et composant;Quantités par taille et tolérances convenues;Début du délai et validations nécessaires;Versions de commande et gestion des changements|Mínimos por modelo, color y componente;Cantidades por talla y tolerancias acordadas;Inicio del plazo y aprobaciones necesarias;Versiones de pedido y gestión de cambios|Mínimos por modelo, cor e componente;Quantidades por tamanho e tolerâncias acordadas;Início do prazo e aprovações necessárias;Versões da encomenda e gestão de alterações|Минимумы по модели, цвету и компоненту;Количество по размерам и согласованные допуски;Начало срока и необходимые согласования;Версии заказа и управление изменениями|按款式、颜色及部件确认起订量;尺码配比与约定的允许偏差;交期起点与所需审批;订单版本及变更管理
fabric.title|Définir la matière et la couleur|Define tejido y color|Definir tecido e cor|Выбор материала и цвета|确认面料与颜色
fabric.intro|Un nom de tissu ne suffit pas à définir le résultat. Identifiez composition, construction, poids, élasticité et couleur, puis examinez un échantillon représentatif avec le marquage prévu.|El nombre del tejido no define el resultado. Identifica composición, estructura, gramaje, elasticidad y color; después revisa una muestra representativa con la personalización prevista.|O nome do tecido não define o resultado. Identifique composição, estrutura, gramagem, elasticidade e cor; depois analise uma amostra representativa com a personalização prevista.|Название ткани не определяет результат. Укажите состав, структуру, плотность, растяжимость и цвет, затем проверьте представительный образец с выбранным нанесением.|面料名称不能充分定义最终效果；需明确成分、组织、克重、弹性及颜色，再结合实际工艺检查具有代表性的样品。
fabric.points|Composition et construction;Poids, toucher, élasticité et récupération;Couleur de référence et variations admises;Compatibilité impression, lavage et usage|Composición y estructura;Gramaje, tacto, elasticidad y recuperación;Color de referencia y variaciones aceptadas;Compatibilidad con impresión, lavado y uso|Composição e estrutura;Gramagem, toque, elasticidade e recuperação;Cor de referência e variações aceites;Compatibilidade com impressão, lavagem e uso|Состав и структура;Плотность, фактура, растяжимость и восстановление;Эталонный цвет и допустимые отклонения;Совместимость с печатью, стиркой и применением|纤维成分与组织结构;克重、手感、弹性及回复性;标准颜色与允许偏差;印花、洗涤和使用兼容性
artwork.title|Maîtriser les fichiers et le marquage|Controla archivos y personalización|Controlar ficheiros e personalização|Управление файлами и нанесением|管理图稿与品牌工艺
artwork.intro|Fixez une version unique des fichiers, des dimensions et des emplacements. Approuvez le rendu sur la matière de production : un écran ou un fichier numérique ne remplace pas un essai physique.|Fija una versión única de archivos, medidas y posiciones. Aprueba el resultado sobre el tejido de producción: una pantalla o un archivo digital no sustituye una prueba física.|Fixe uma versão única de ficheiros, medidas e posições. Aprove o resultado no tecido de produção: um ecrã ou ficheiro digital não substitui um ensaio físico.|Зафиксируйте единую версию файлов, размеров и расположения. Утверждайте результат на производственном материале: экран и цифровой файл не заменяют физическую пробу.|统一文件版本、尺寸和位置，在大货面料上确认实际效果；屏幕或数字文件不能代替实物打样。
artwork.points|Fichiers vectoriels, polices et droits d’utilisation;Dimensions, repères et placement par taille;Référence couleur et essai sur tissu;Lavage, adhérence et suivi des révisions|Vectores, fuentes y derechos de uso;Medidas, referencias y ubicación por talla;Color de referencia y prueba sobre tejido;Lavado, adherencia y control de revisiones|Vetores, fontes e direitos de utilização;Medidas, referências e posição por tamanho;Cor de referência e ensaio em tecido;Lavagem, aderência e controlo de revisões|Векторные файлы, шрифты и права использования;Размеры, ориентиры и позиции по размерному ряду;Эталон цвета и проба на ткани;Стирка, сцепление и версии изменений|矢量文件、字体与使用权;尺寸、定位点及各尺码位置;标准色与面料打样;耐洗、附着与修改记录
construction.title|Construire une spécification exploitable|Prepara una especificación utilizable|Preparar uma especificação utilizável|Подготовка рабочей спецификации|建立可执行的工艺规格
construction.intro|Reliez dessins, nomenclature, mesures, coutures et finitions à une même version. Vérifiez toute donnée générée par IA contre les références réelles et résolvez les contradictions avant la coupe.|Vincula dibujos, materiales, medidas, costuras y acabados a una misma versión. Comprueba cualquier dato generado por IA con referencias reales y resuelve contradicciones antes del corte.|Associe desenhos, materiais, medidas, costuras e acabamentos à mesma versão. Verifique dados gerados por IA com referências reais e resolva contradições antes do corte.|Объедините чертежи, комплектующие, измерения, швы и отделку в одной версии. Проверяйте данные ИИ по реальным референсам и устраняйте противоречия до раскроя.|将款式图、物料、尺寸、接缝及工艺统一到同一版本。AI 生成的数据需与真实参考资料核对，裁剪前应解决矛盾。
construction.points|Dessins avant, dos et détails;Nomenclature des tissus, fils et accessoires;Points de mesure et tolérances;Type de couture, assemblage et ordre de validation|Dibujos delanteros, traseros y detalles;Lista de tejidos, hilos y accesorios;Puntos de medida y tolerancias;Tipo de costura, confección y orden de aprobación|Desenhos da frente, costas e detalhes;Lista de tecidos, linhas e acessórios;Pontos de medida e tolerâncias;Tipo de costura, confeção e ordem de aprovação|Вид спереди, сзади и детали;Перечень тканей, ниток и фурнитуры;Точки измерений и допуски;Типы швов, сборка и порядок согласования|正面、背面与细节图;面料、缝线和辅料清单;测量部位与公差;接缝类型、组装与审批顺序
sizing.title|Valider le barème et la coupe|Valida tallaje y ajuste|Validar tamanhos e corte|Проверка размерной сетки и посадки|验证尺码表与版型
sizing.intro|Distinguez dimensions du corps et mesures du vêtement. Choisissez les tailles et morphologies à essayer, puis notez mouvement, couverture et écarts de mesure avant d’approuver la gradation.|Distingue medidas corporales y medidas de la prenda. Selecciona tallas y proporciones para las pruebas y registra movimiento, cobertura y desviaciones antes de aprobar el escalado.|Distinga medidas do corpo e da peça. Selecione tamanhos e proporções para as provas e registe movimento, cobertura e desvios antes de aprovar a graduação.|Различайте размеры тела и изделия. Выберите размеры и типы фигур для примерок, зафиксируйте движения, покрытие и отклонения до утверждения градации.|区分人体尺寸与成衣尺寸，选择有代表性的尺码和体型进行试穿，并在批准放码前记录动作、遮盖和尺寸偏差。
sizing.points|Taille de base et points de mesure;Règles de gradation et tolérances;Essais sur plusieurs tailles et statures;Liste de joueurs et substitutions approuvées|Talla base y puntos de medida;Reglas de escalado y tolerancias;Pruebas en varias tallas y alturas;Lista de jugadores y sustituciones aprobadas|Tamanho base e pontos de medida;Regras de graduação e tolerâncias;Provas em vários tamanhos e estaturas;Lista de jogadores e substituições aprovadas|Базовый размер и точки измерений;Правила градации и допуски;Примерки разных размеров и роста;Список игроков и согласованные замены|基码与测量部位;放码规则与公差;跨尺码、跨身高试穿;队员名单与已确认的替换安排
sampling.title|Garder une référence approuvée|Mantén una referencia aprobada|Manter uma referência aprovada|Сохранение утверждённого эталона|保留已确认的标准样
sampling.intro|Chaque échantillon répond à une question précise : construction, coupe, taille, couleur ou préparation de série. Identifiez les matières et la version, puis formulez une décision écrite avec les corrections restantes.|Cada muestra responde a una pregunta: confección, ajuste, talla, color o preparación de producción. Identifica materiales y versión y deja una decisión escrita con las correcciones pendientes.|Cada amostra responde a uma questão: confeção, corte, tamanho, cor ou preparação de produção. Identifique materiais e versão e registe uma decisão escrita com as correções pendentes.|Каждый образец решает конкретный вопрос: конструкция, посадка, размер, цвет или подготовка партии. Укажите материалы и версию, письменно зафиксируйте решение и оставшиеся исправления.|每轮样品应解决明确问题，例如结构、版型、尺码、颜色或大货准备；记录材料与版本，并书面注明确认结论和剩余修改。
sampling.points|But et numéro de l’échantillon;Matières, mesures et photos annotées;Commentaires, responsable et date;Autorisation de série et changements ultérieurs|Objetivo y número de muestra;Materiales, medidas y fotos anotadas;Comentarios, responsable y fecha;Autorización de producción y cambios posteriores|Objetivo e número da amostra;Materiais, medidas e fotografias anotadas;Comentários, responsável e data;Autorização de produção e alterações posteriores|Цель и номер образца;Материалы, измерения и фотографии с пометками;Комментарии, ответственный и дата;Разрешение производства и последующие изменения|样品用途与编号;材料、尺寸与批注照片;意见、负责人和日期;大货批准及后续变更
qc.title|Contrôle et traitement des écarts|Inspección y gestión de desviaciones|Inspeção e gestão de desvios|Проверка и устранение отклонений|检验与偏差处理
qc.intro|Définissez le lot, la méthode d’échantillonnage et les critères d’acceptation avant l’inspection. Un résultat non conforme exige un tri, une action corrective et une décision de nouvelle inspection documentés.|Define lote, muestreo y criterios de aceptación antes de inspeccionar. Un resultado no conforme requiere clasificación, acción correctiva y una decisión documentada de reinspección.|Defina lote, amostragem e critérios de aceitação antes da inspeção. Um resultado não conforme exige triagem, ação corretiva e uma decisão documentada de reinspeção.|Определите партию, выборку и критерии приёмки до проверки. Несоответствие требует сортировки, корректирующих действий и документированного решения о повторной проверке.|检验前应定义批次、抽样方式与验收标准。不合格结果需要有记录的分拣、纠正措施和复检决定。
qc.points|Référence approuvée et identité du lot;Mesures, coutures, marquage et apparence;Quantités, étiquettes et emballages;Écarts, retouches et autorisation d’expédition|Referencia aprobada e identificación del lote;Medidas, costuras, personalización y aspecto;Cantidades, etiquetas y embalaje;Desviaciones, retoques y autorización de envío|Referência aprovada e identificação do lote;Medidas, costuras, personalização e aspeto;Quantidades, etiquetas e embalagem;Desvios, retoques e autorização de expedição|Утверждённый эталон и идентификация партии;Размеры, швы, нанесение и внешний вид;Количество, этикетки и упаковка;Отклонения, доработка и разрешение отгрузки|已批准的标准样与批次身份;尺寸、接缝、标识与外观;数量、标签与包装;偏差、返工和出货批准
supplier.title|Vérifier les informations du fournisseur|Verifica la información del proveedor|Verificar a informação do fornecedor|Проверка сведений о поставщике|核实供应商信息
supplier.intro|Demandez des preuves datées reliées à l’entité, au site et au produit concernés. Une photo illustrative ou une vidéo seule ne prouve pas la capacité, la propriété des installations ou la conformité d’une commande.|Pide pruebas fechadas vinculadas a la entidad, instalación y producto. Una imagen ilustrativa o un vídeo por sí solos no acreditan capacidad, propiedad de instalaciones ni conformidad de un pedido.|Peça evidências datadas ligadas à entidade, instalação e produto. Uma imagem ilustrativa ou um vídeo, por si só, não comprovam capacidade, propriedade das instalações nem conformidade de uma encomenda.|Запрашивайте датированные доказательства, связанные с компанией, площадкой и изделием. Иллюстрация или видео сами по себе не подтверждают мощности, владение фабрикой или соответствие заказа.|索取与实际主体、场所和产品对应且带日期的证据。示意图片或单段视频本身不能证明产能、厂房权属或订单合规。
supplier.points|Identité légale et périmètre d’activité;Lieu, date et origine des médias;Procédés adaptés au produit;Documents vérifiables et questions ouvertes|Identidad legal y ámbito de actividad;Lugar, fecha y origen de los medios;Procesos adecuados al producto;Documentos verificables y dudas pendientes|Identidade legal e âmbito de atividade;Local, data e origem dos conteúdos;Processos adequados ao produto;Documentos verificáveis e dúvidas pendentes|Юридическое лицо и профиль деятельности;Место, дата и происхождение материалов;Процессы для нужного изделия;Проверяемые документы и открытые вопросы|法律主体与经营范围;影像的地点、日期和来源;适合目标产品的工艺;可核实文件与未解决问题
certification.title|Relier chaque allégation à ses preuves|Vincula cada afirmación a sus pruebas|Relacionar cada alegação com as evidências|Подтверждение каждого заявления|为每项主张匹配证据
certification.intro|Vérifiez l’organisme émetteur, l’entité, le site, les produits, les dates et la portée du document. Cette page ne constitue pas une déclaration de certification GRS ou de conformité universelle de GloryStarWear.|Verifica emisor, entidad, instalación, productos, fechas y alcance del documento. Esta página no declara que GloryStarWear tenga certificación GRS ni conformidad universal.|Verifique emissor, entidade, instalação, produtos, datas e âmbito do documento. Esta página não declara certificação GRS nem conformidade universal da GloryStarWear.|Проверьте выдавшую организацию, компанию, площадку, продукцию, даты и область документа. Эта страница не заявляет о наличии у GloryStarWear сертификации GRS или универсального соответствия.|核查签发机构、主体、场所、产品、日期与文件范围。本页不构成 GloryStarWear 已获得 GRS 认证或普遍合规的声明。
certification.points|Référence et authenticité du document;Validité, produit et site couverts;Traçabilité des matières et de la commande;Exigences d’étiquette du marché destinataire|Referencia y autenticidad del documento;Validez, producto e instalación cubiertos;Trazabilidad de materiales y pedido;Requisitos de etiquetado del mercado de destino|Referência e autenticidade do documento;Validade, produto e instalação abrangidos;Rastreabilidade dos materiais e encomenda;Requisitos de rotulagem do mercado de destino|Номер и подлинность документа;Срок действия, изделия и площадки;Прослеживаемость материалов и заказа;Требования к маркировке целевого рынка|文件编号与真实性;有效期、覆盖产品和场所;材料与订单追溯;目标市场标签要求
testing.title|Construire un essai pertinent|Diseña una prueba pertinente|Preparar um ensaio pertinente|Подготовка подходящих испытаний|设计与主张相符的测试
testing.intro|Distinguez la propriété recherchée, la méthode d’essai et l’allégation commerciale. Évacuation de l’humidité, séchage, réduction des odeurs et activité antibactérienne ne sont pas des résultats interchangeables.|Distingue la propiedad buscada, el método y la afirmación comercial. Evacuación de humedad, secado, reducción de olores y actividad antibacteriana no son resultados intercambiables.|Distinga a propriedade pretendida, o método e a alegação comercial. Gestão de humidade, secagem, redução de odores e atividade antibacteriana não são resultados intercambiáveis.|Различайте искомое свойство, метод испытания и рекламное заявление. Отвод влаги, высыхание, снижение запаха и антибактериальная активность не взаимозаменяемы.|区分目标性能、测试方法和商业主张；导湿、干燥、异味降低与抗菌活性不能互相替代。
testing.points|Allégation précise et contexte d’utilisation;Échantillon, matière et état de lavage;Méthode, conditions et critères convenus;Rapport, limites et lien avec la production|Afirmación concreta y contexto de uso;Muestra, material y estado de lavado;Método, condiciones y criterios acordados;Informe, límites y vínculo con producción|Alegação concreta e contexto de utilização;Amostra, material e estado de lavagem;Método, condições e critérios acordados;Relatório, limites e ligação à produção|Конкретное заявление и условия применения;Образец, материал и история стирок;Метод, условия и критерии;Отчёт, ограничения и связь с производством|具体性能主张与使用场景;样品、材料及洗涤状态;约定的方法、条件与标准;报告、适用边界及大货关联
shipping.title|Préparer la livraison|Prepara la entrega|Preparar a entrega|Подготовка поставки|规划交付与运输
shipping.intro|Comparez les devis avec un lieu nommé et une répartition écrite des frais, risques et formalités. EXW, FCA, FOB, DAP et DDP correspondent à des obligations distinctes : vérifiez leur adéquation au trajet réel.|Compara ofertas con un lugar definido y un reparto escrito de costes, riesgos y trámites. EXW, FCA, FOB, DAP y DDP implican obligaciones distintas: verifica su adecuación al trayecto real.|Compare propostas com um local definido e uma repartição escrita de custos, riscos e formalidades. EXW, FCA, FOB, DAP e DDP implicam obrigações distintas: confirme a adequação ao trajeto real.|Сравнивайте предложения с указанным местом и письменным распределением затрат, рисков и формальностей. EXW, FCA, FOB, DAP и DDP предусматривают разные обязанности: проверьте их соответствие маршруту.|比较报价时应注明地点，并书面划分费用、风险与手续责任。EXW、FCA、FOB、DAP 和 DDP 的义务不同，应核对是否适合实际运输路径。
shipping.points|Lieu nommé et version de la règle;Mode de transport et point de remise;Exportation, importation, taxes et assurance;Documents, calendrier et autorisation de départ|Lugar definido y versión de la regla;Transporte y punto de entrega;Exportación, importación, impuestos y seguro;Documentos, calendario y autorización de salida|Local definido e versão da regra;Transporte e ponto de entrega;Exportação, importação, impostos e seguro;Documentos, calendário e autorização de saída|Указанное место и версия правил;Транспорт и точка передачи;Экспорт, импорт, налоги и страхование;Документы, график и разрешение отправки|指定地点与规则版本;运输方式及交接点;进出口、税费与保险;单证、时间表和放行
planning.title|Préparer un projet réaliste|Prepara un proyecto realista|Preparar um projeto realista|Реалистичное планирование проекта|制定可执行的项目计划
planning.intro|Commencez par une gamme maîtrisée et des références claires. Les exemples présentés servent à organiser un projet ; ils ne constituent pas des témoignages clients ni des preuves de commandes réalisées.|Empieza con una gama controlada y referencias claras. Los ejemplos sirven para organizar un proyecto; no son testimonios de clientes ni pruebas de pedidos realizados.|Comece com uma gama controlada e referências claras. Os exemplos servem para organizar um projeto; não são testemunhos de clientes nem provas de encomendas realizadas.|Начните с управляемого ассортимента и понятных референсов. Примеры помогают спланировать проект и не являются отзывами клиентов или подтверждением выполненных заказов.|先控制产品范围并明确参考标准。页面示例用于辅助项目规划，不是客户评价，也不代表已完成的真实订单。
planning.points|Produits prioritaires et marché cible;Budget, quantité et calendrier;Documents prêts et décisions manquantes;Échantillons, contrôle et plan de réassort|Productos prioritarios y mercado objetivo;Presupuesto, cantidad y calendario;Documentos listos y decisiones pendientes;Muestras, inspección y reposición|Produtos prioritários e mercado-alvo;Orçamento, quantidade e calendário;Documentos prontos e decisões pendentes;Amostras, inspeção e reposição|Приоритетные изделия и целевой рынок;Бюджет, количество и сроки;Готовые документы и открытые решения;Образцы, контроль и повторные партии|优先产品与目标市场;预算、数量与时间表;已有文件与待确认事项;样品、检验及补单计划
editorial.title|Méthode éditoriale et limites|Método editorial y límites|Método editorial e limites|Редакционный подход и ограничения|编辑方法与内容边界
editorial.intro|Nos pages aident à préparer les décisions d’achat et les échanges techniques. Les illustrations, scénarios et informations générales doivent être distingués des documents vérifiés pour un produit ou une commande précise.|Nuestras páginas ayudan a preparar decisiones de compra y conversaciones técnicas. Las ilustraciones, escenarios e información general deben distinguirse de los documentos verificados de un producto o pedido concreto.|As nossas páginas ajudam a preparar decisões de compra e conversas técnicas. Ilustrações, cenários e informação geral distinguem-se dos documentos verificados de um produto ou encomenda concreta.|Страницы помогают готовить закупочные решения и технические обсуждения. Иллюстрации, сценарии и общие сведения следует отличать от проверенных документов конкретного изделия или заказа.|本网站用于辅助采购决策与技术沟通。示意图片、规划场景和一般信息，应与实际产品或订单对应的已核实文件区分。
editorial.points|Illustrations identifiées comme références;Exemples sans résultats clients inventés;Allégations reliées aux preuves pertinentes;Corrections à demander par notre contact|Ilustraciones identificadas como referencias;Ejemplos sin resultados de clientes inventados;Afirmaciones vinculadas a pruebas pertinentes;Correcciones a través de nuestro contacto|Ilustrações identificadas como referências;Exemplos sem resultados de clientes inventados;Alegações ligadas a evidências pertinentes;Correções através do nosso contacto|Иллюстрации обозначены как референсы;Примеры без выдуманных результатов клиентов;Заявления связаны с подходящими доказательствами;Запрос исправлений через контакты|明确标注示意参考图;不编造客户成果;主张对应适用证据;通过联系方式提出更正
privacy.title|Utilisation des données de votre demande|Uso de los datos de tu consulta|Utilização dos dados do seu pedido|Использование данных запроса|询盘信息的使用
privacy.intro|Nous utilisons les coordonnées et les informations de projet pour répondre à votre demande. Les envois sécurisés sont traités par Vercel et Cloudflare. WhatsApp et votre fournisseur de messagerie appliquent leurs propres conditions lorsque vous les utilisez.|Usamos datos de contacto y del proyecto para responder a tu consulta. Vercel y Cloudflare procesan los envíos seguros. WhatsApp y tu proveedor de correo aplican sus propias condiciones cuando los utilizas.|Usamos dados de contacto e do projeto para responder ao pedido. Vercel e Cloudflare processam os envios seguros. WhatsApp e o fornecedor de e-mail aplicam as suas próprias condições quando os utiliza.|Контактные данные и описание проекта используются для ответа. Защищённые запросы обрабатывают Vercel и Cloudflare. При использовании WhatsApp и почты действуют условия соответствующих сервисов.|联系信息与项目资料用于回复询盘。安全提交由 Vercel 与 Cloudflare 处理；使用 WhatsApp 或电子邮件时，相关服务适用各自的条款。
privacy.points|Consentement nécessaire à l’envoi de la demande;Fichiers : seuls les noms passent par le formulaire;Les langues utilisent des pages locales distinctes;Contact pour une demande de correction ou de suppression|Consentimiento necesario para enviar la consulta;Archivos: el formulario solo transmite sus nombres;Los idiomas usan páginas locales independientes;Contacto para solicitar corrección o eliminación|Consentimento necessário para enviar o pedido;Ficheiros: o formulário transmite apenas os nomes;Os idiomas usam páginas locais independentes;Contacto para pedir correção ou eliminação|Согласие требуется для отправки запроса;Форма передаёт только названия файлов;Языковые версии представлены отдельными страницами;Контакты для исправления или удаления данных|提交询盘需要同意信息使用;表单仅发送附件文件名;各语言使用独立的本地页面;可联系申请更正或删除信息
