index|home|Fabricant de vêtements de sport personnalisés|Fabricante de ropa deportiva personalizada|Fabricante de roupa desportiva personalizada|Производство спортивной одежды на заказ|定制运动服装制造商
contact|contact|Parlons de votre projet|Hablemos de tu proyecto|Vamos falar do seu projeto|Обсудим ваш проект|联系我们，开始您的项目
sportswear-manufacturer|manufacturing|Fabrication pour marques et équipes|Fabricación para marcas y equipos|Produção para marcas e equipas|Производство для брендов и команд|品牌与团队运动服装制造
private-label-activewear-manufacturer|active|Votre collection sous marque privée|Tu colección de marca privada|A sua coleção de marca própria|Коллекция под вашей маркой|自有品牌运动服装定制
custom-teamwear-uniforms|team|Tenues personnalisées pour équipes|Uniformes personalizados para equipos|Equipamentos personalizados para equipas|Форма на заказ для команд|团队与俱乐部队服定制
low-moq-sportswear-manufacturer|commercial|Préparer une première petite série|Planifica una primera producción pequeña|Planear uma primeira série pequena|Планирование первой небольшой партии|小批量运动服装与初创品牌方案
one-stop-service|manufacturing|Du cahier des charges à l’expédition|Del diseño al envío|Do briefing à expedição|От технического задания до отгрузки|从需求确认到出货的一站式服务
customization|artwork|Personnalisation, logos et finitions|Personalización, logotipos y acabados|Personalização, logótipos e acabamentos|Персонализация, логотипы и отделка|印花、绣花与品牌细节定制
fabrics|fabric|Matières, couleurs et performances|Tejidos, colores y prestaciones|Tecidos, cores e desempenho|Материалы, цвета и свойства|运动面料、颜色与性能
process|sampling|Échantillons et étapes de production|Muestras y etapas de producción|Amostras e etapas de produção|Образцы и этапы производства|打样与生产流程
quality|qc|Contrôle qualité des vêtements de sport|Control de calidad de ropa deportiva|Controlo de qualidade de roupa desportiva|Контроль качества спортивной одежды|运动服装质量控制
faq|faq|Questions fréquentes|Preguntas frecuentes|Perguntas frequentes|Частые вопросы|常见问题
quote-checklist|commercial|Préparer une demande de devis complète|Prepara una solicitud de presupuesto completa|Preparar um pedido de orçamento completo|Подготовка запроса стоимости|报价前的需求准备清单
about-factory|supplier|Vérifier votre partenaire de fabrication|Verifica a tu socio de fabricación|Verificar o seu parceiro de produção|Проверка производственного партнёра|了解并核实制造合作伙伴
factory-video|supplier|Demander des preuves et une visite vidéo|Solicita pruebas y una visita por vídeo|Pedir evidências e uma visita por vídeo|Запрос документов и видеопроверки|工厂资料与视频核实
certificates|certification|Documents de conformité à vérifier|Documentos de conformidad que debes verificar|Documentos de conformidade a verificar|Проверка документов о соответствии|合规与认证文件核查
case-studies|planning|Exemples de préparation de projets|Ejemplos de planificación de proyectos|Exemplos de planeamento de projetos|Примеры планирования проектов|运动服装项目规划示例
editorial-policy|editorial|Politique éditoriale et preuves|Política editorial y evidencias|Política editorial e evidências|Редакционная политика и доказательства|内容编辑与证据使用政策
privacy|privacy|Confidentialité et données de contact|Privacidad y datos de contacto|Privacidade e dados de contacto|Конфиденциальность и контактные данные|隐私与联系信息
thank-you|receipt|Aucun envoi confirmé pour le moment|Todavía no hay un envío confirmado|Ainda não existe um envio confirmado|Подтверждённой отправки пока нет|尚无本次提交的确认记录
404|missing|Page introuvable|Página no encontrada|Página não encontrada|Страница не найдена|未找到页面
products/index|catalog|Catalogue de vêtements de sport|Catálogo de ropa deportiva|Catálogo de roupa desportiva|Каталог спортивной одежды|运动服装产品目录
products/lookbook|catalog|Galerie de produits|Galería de productos|Galeria de produtos|Галерея продукции|产品款式图库
products/new-products|catalog|Nouvelles pistes de collection|Nuevas ideas para tu colección|Novas ideias para a sua coleção|Новые идеи для коллекций|新品开发方向
products/more-sports|catalog|Toutes les disciplines sportives|Todas las disciplinas deportivas|Todas as modalidades desportivas|Все спортивные направления|更多运动品类
products/accessories|accessories|Accessoires de sport personnalisés|Accesorios deportivos personalizados|Acessórios desportivos personalizados|Спортивные аксессуары на заказ|定制运动配件
products/american-football-uniforms|team|Tenues de football américain|Uniformes de fútbol americano|Equipamentos de futebol americano|Форма для американского футбола|美式橄榄球队服
products/athleisure|lifestyle|Collections athleisure|Colecciones athleisure|Coleções athleisure|Повседневная спортивная одежда|运动休闲服装
products/badminton-uniforms|court|Tenues de badminton|Uniformes de bádminton|Equipamentos de badminton|Форма для бадминтона|羽毛球队服
products/baseball-softball-teamwear|team|Programmes baseball et softball|Programas de béisbol y sóftbol|Programas de basebol e softbol|Комплекты для бейсбола и софтбола|棒球与垒球队服方案
products/baseball-uniforms|team|Tenues de baseball|Uniformes de béisbol|Equipamentos de basebol|Бейсбольная форма|棒球队服
products/basketball-jerseys|team|Maillots de basketball|Camisetas de baloncesto|Camisolas de basquetebol|Баскетбольные майки|篮球球衣
products/basketball-wear|team|Tenues de basketball|Uniformes de baloncesto|Equipamentos de basquetebol|Баскетбольная форма|篮球队服
products/cheerleading-uniforms|active|Tenues de cheerleading|Uniformes de animación deportiva|Uniformes de cheerleading|Форма для чирлидинга|啦啦队服
products/club-fan-merchandise|lifestyle|Articles pour supporters|Artículos para aficionados|Artigos para adeptos|Продукция для болельщиков|俱乐部球迷周边
products/club-hoodies-varsity-jackets|lifestyle|Sweats de club et vestes universitaires|Sudaderas de club y chaquetas universitarias|Sweatshirts de clube e casacos universitários|Клубные худи и университетские куртки|俱乐部卫衣与棒球夹克
products/combat-sports-apparel|combat|Vêtements de sports de combat|Ropa para deportes de combate|Roupa para desportos de combate|Одежда для единоборств|搏击运动服装
products/compression-base-layers|active|Sous-couches de compression|Capas base de compresión|Camadas base de compressão|Компрессионные базовые слои|压缩运动打底服
products/cricket-uniforms|team|Tenues de cricket|Uniformes de críquet|Equipamentos de críquete|Форма для крикета|板球队服
products/custom-beach-volleyball-uniforms|court|Tenues de beach-volley|Uniformes de vóley playa|Equipamentos de voleibol de praia|Форма для пляжного волейбола|沙滩排球队服
products/custom-bowling-shirts|court|Chemises de bowling|Camisas de bolos|Camisas de bowling|Рубашки для боулинга|保龄球衫
products/custom-boxing-apparel|combat|Tenues de boxe|Ropa de boxeo|Roupa de boxe|Одежда для бокса|拳击运动服装
products/custom-cycling-skinsuits|endurance|Combinaisons de cyclisme|Monos de ciclismo|Fatos integrais de ciclismo|Велокомбинезоны|连体骑行服
products/custom-darts-shirts|court|Maillots de fléchettes|Camisetas de dardos|Camisolas de dardos|Джерси для дартса|飞镖比赛衫
products/custom-fishing-apparel|outdoor|Vêtements de pêche|Ropa de pesca|Roupa de pesca|Одежда для рыбалки|钓鱼服装
products/custom-futsal-uniforms|team|Tenues de futsal|Uniformes de fútbol sala|Equipamentos de futsal|Форма для футзала|五人制足球服
products/custom-handball-uniforms|team|Tenues de handball|Uniformes de balonmano|Equipamentos de andebol|Гандбольная форма|手球队服
products/custom-motocross-jerseys|outdoor|Maillots de motocross|Camisetas de motocross|Camisolas de motocross|Джерси для мотокросса|越野摩托车赛服
products/custom-padel-apparel|court|Vêtements de padel|Ropa de pádel|Roupa de padel|Одежда для падела|板式网球服装
products/custom-referee-uniforms|team|Tenues d’arbitre|Uniformes de árbitro|Equipamentos de árbitro|Судейская форма|裁判服装
products/custom-rowing-uniforms|endurance|Tenues d’aviron|Uniformes de remo|Equipamentos de remo|Форма для академической гребли|赛艇运动服装
products/custom-running-shorts|endurance|Shorts de course|Pantalones cortos de running|Calções de corrida|Беговые шорты|跑步短裤
products/custom-sports-caps-bags|accessories|Casquettes et sacs de sport|Gorras y bolsas deportivas|Bonés e sacos desportivos|Спортивные кепки и сумки|定制运动帽与运动包
products/custom-sports-socks|accessories|Chaussettes de sport|Calcetines deportivos|Meias desportivas|Спортивные носки|定制运动袜
products/custom-sublimated-teamwear|team|Tenues d’équipe par sublimation|Uniformes de equipo por sublimación|Equipamentos de equipa por sublimação|Командная форма с сублимацией|全彩热升华队服
products/custom-table-tennis-uniforms|court|Tenues de tennis de table|Uniformes de tenis de mesa|Equipamentos de ténis de mesa|Форма для настольного тенниса|乒乓球队服
products/custom-team-polo-shirts|team|Polos d’équipe|Polos de equipo|Polos de equipa|Командные поло|团队定制 Polo 衫
products/custom-triathlon-suits|endurance|Combinaisons de triathlon|Monos de triatlón|Fatos de triatlo|Триатлонные комбинезоны|铁人三项连体服
products/custom-ultimate-jerseys|team|Maillots d’ultimate|Camisetas de ultimate|Camisolas de ultimate|Джерси для алтимата|极限飞盘队服
products/custom-weightlifting-singlets|active|Combinaisons d’haltérophilie|Maillots de halterofilia|Fatos de halterofilismo|Трико для тяжёлой атлетики|举重连体服
products/cycling-jerseys-bib-shorts|endurance|Maillots et cuissards de cyclisme|Maillots y culotes de ciclismo|Camisolas e calções de ciclismo com alças|Велоджерси и велошорты с лямками|骑行上衣与背带短裤
products/cycling-wear|endurance|Vêtements de cyclisme|Ropa de ciclismo|Roupa de ciclismo|Велосипедная одежда|骑行服装
products/dancewear-cheer|active|Danse et cheerleading|Danza y animación deportiva|Dança e cheerleading|Одежда для танцев и чирлидинга|舞蹈与啦啦队服装
products/esports-jerseys|team|Maillots esport|Camisetas de esports|Camisolas de esports|Киберспортивные джерси|电子竞技队服
products/field-hockey-uniforms|team|Tenues de hockey sur gazon|Uniformes de hockey sobre hierba|Equipamentos de hóquei em campo|Форма для хоккея на траве|草地曲棍球队服
products/flag-football-uniforms|team|Tenues de flag football|Uniformes de flag football|Equipamentos de flag football|Форма для флаг-футбола|腰旗橄榄球队服
products/football-jerseys|team|Maillots de football|Camisetas de fútbol|Camisolas de futebol|Футбольные джерси|足球球衣
products/football-kits|team|Équipements pour clubs de football|Equipaciones para clubes de fútbol|Equipamentos para clubes de futebol|Комплекты для футбольных клубов|足球俱乐部成套装备
products/golf-apparel|court|Vêtements de golf|Ropa de golf|Roupa de golfe|Одежда для гольфа|高尔夫服装
products/golf-polo-shirts-skorts|court|Polos et jupes-shorts de golf|Polos y faldas pantalón de golf|Polos e saias-calção de golfe|Поло и юбки-шорты для гольфа|高尔夫 Polo 衫与裙裤
products/gym-tshirts-tank-tops|active|T-shirts et débardeurs de sport|Camisetas y tirantes para gimnasio|T-shirts e tops de ginásio|Футболки и майки для зала|健身 T 恤与背心
products/gymnastics-leotards|active|Justaucorps de gymnastique|Maillots de gimnasia|Maillots de ginástica|Гимнастические купальники|体操服
products/hoodies-sweatshirts|lifestyle|Sweats et sweats à capuche|Sudaderas y sudaderas con capucha|Sweatshirts e camisolas com capuz|Худи и свитшоты|卫衣与连帽衫
products/ice-hockey-jerseys|team|Maillots de hockey sur glace|Camisetas de hockey sobre hielo|Camisolas de hóquei no gelo|Хоккейные джерси|冰球球衣
products/joggers-tracksuits|lifestyle|Joggings et survêtements|Joggers y chándales|Calças de jogging e fatos de treino|Джоггеры и спортивные костюмы|束脚裤与运动套装
products/lacrosse-uniforms|team|Tenues de lacrosse|Uniformes de lacrosse|Equipamentos de lacrosse|Форма для лакросса|长曲棍球队服
products/marathon-event-apparel|endurance|Vêtements pour événements de course|Ropa para eventos de maratón|Roupa para eventos de maratona|Одежда для марафонов и забегов|马拉松赛事服装
products/mma-rash-guards-fight-shorts|combat|Rashguards et shorts de MMA|Rashguards y pantalones de MMA|Rashguards e calções de MMA|Рашгарды и шорты для ММА|综合格斗紧身衣与短裤
products/netball-uniforms|team|Tenues de netball|Uniformes de netball|Equipamentos de netball|Форма для нетбола|无挡板篮球队服
products/outdoor-training-outerwear|outdoor|Vestes d’entraînement extérieur|Chaquetas de entrenamiento exterior|Casacos de treino ao ar livre|Куртки для тренировок на улице|户外训练外套
products/pilates-activewear|active|Collections de Pilates|Colecciones de pilates|Coleções de Pilates|Коллекции для пилатеса|普拉提运动服装
products/plus-size-activewear|active|Vêtements de sport grandes tailles|Ropa deportiva de tallas grandes|Roupa desportiva de tamanhos grandes|Спортивная одежда больших размеров|大码运动服装
products/private-label-gym-clothing|active|Vêtements de fitness sous votre marque|Ropa de gimnasio con tu marca|Roupa de ginásio com a sua marca|Одежда для зала под вашей маркой|自有品牌健身服装
products/private-label-gym-leggings|active|Leggings de fitness sous marque privée|Leggings de gimnasio de marca privada|Leggings de ginásio de marca própria|Легинсы для зала под вашей маркой|自有品牌健身紧身裤
products/private-label-sportswear-packaging|packaging|Emballages pour votre marque|Embalajes para tu marca|Embalagens para a sua marca|Упаковка под вашей маркой|自有品牌运动服装包装
products/racket-sports-apparel|court|Vêtements de sports de raquette|Ropa para deportes de raqueta|Roupa para desportos de raquete|Одежда для ракеточных видов спорта|球拍运动服装
products/rash-guards-board-shorts|water|Rashguards et shorts de surf|Rashguards y bañadores de surf|Rashguards e calções de surf|Рашгарды и бордшорты|防磨泳衣与冲浪短裤
products/rugby-hockey-teamwear|team|Programmes rugby et hockey|Programas de rugby y hockey|Programas de râguebi e hóquei|Комплекты для регби и хоккея на траве|橄榄球与曲棍球队服方案
products/rugby-uniforms|team|Tenues de rugby|Uniformes de rugby|Equipamentos de râguebi|Форма для регби|橄榄球队服
products/running-singlets-shirts|endurance|Débardeurs et t-shirts de course|Camisetas y tirantes de running|Singletes e t-shirts de corrida|Беговые майки и футболки|跑步背心与 T 恤
products/running-wear|endurance|Vêtements de course|Ropa de running|Roupa de corrida|Беговая одежда|跑步服装
products/seamless-activewear|active|Vêtements de sport sans coutures|Ropa deportiva sin costuras|Roupa desportiva sem costuras|Бесшовная спортивная одежда|无缝运动服装
products/soccer-uniforms|team|Tenues de football personnalisées|Uniformes de fútbol personalizados|Equipamentos de futebol personalizados|Футбольная форма на заказ|定制足球队服
products/softball-uniforms|team|Tenues de softball|Uniformes de sóftbol|Equipamentos de softbol|Форма для софтбола|垒球队服
products/sports-bras|active|Brassières de sport|Sujetadores deportivos|Soutiens desportivos|Спортивные бра|运动文胸
products/swimwear-water-sports|water|Maillots de bain et sports nautiques|Bañadores y deportes acuáticos|Fatos de banho e desportos aquáticos|Купальники и одежда для водного спорта|泳装与水上运动服装
products/team-warm-up-jackets|lifestyle|Vestes d’échauffement d’équipe|Chaquetas de calentamiento de equipo|Casacos de aquecimento de equipa|Командные разминочные куртки|团队热身外套
products/tennis-pickleball-apparel|court|Tenues de tennis et pickleball|Ropa de tenis y pickleball|Roupa de ténis e pickleball|Одежда для тенниса и пиклбола|网球与匹克球服装
products/track-field-uniforms|endurance|Tenues d’athlétisme|Uniformes de atletismo|Equipamentos de atletismo|Легкоатлетическая форма|田径队服
products/trail-hiking-apparel|outdoor|Vêtements de trail et randonnée|Ropa de trail y senderismo|Roupa de trail e caminhada|Одежда для трейлраннинга и походов|越野跑与徒步服装
products/training-shorts-joggers|active|Shorts et joggings d’entraînement|Pantalones cortos y joggers de entrenamiento|Calções e calças de treino|Тренировочные шорты и джоггеры|训练短裤与束脚裤
products/training-wear|active|Vêtements d’entraînement|Ropa de entrenamiento|Roupa de treino|Тренировочная одежда|训练运动服装
products/triathlon-endurance-apparel|endurance|Triathlon et sports d’endurance|Triatlón y deportes de resistencia|Triatlo e desportos de resistência|Триатлон и виды спорта на выносливость|铁人三项与耐力运动服装
products/volleyball-teamwear|team|Programmes de tenues de volleyball|Programas de uniformes de voleibol|Programas de equipamentos de voleibol|Комплекты волейбольной формы|排球队服项目方案
products/volleyball-uniforms|team|Tenues de volleyball|Uniformes de voleibol|Equipamentos de voleibol|Волейбольная форма|排球队服
products/winter-sports-apparel|outdoor|Vêtements de ski et sports d’hiver|Ropa de esquí y deportes de invierno|Roupa de esqui e desportos de inverno|Одежда для лыж и зимнего спорта|滑雪与冬季运动服装
products/wrestling-singlets|combat|Combinaisons de lutte|Maillots de lucha|Fatos de luta|Борцовские трико|摔跤连体服
products/yoga-leggings|active|Leggings de yoga|Leggings de yoga|Leggings de ioga|Легинсы для йоги|瑜伽紧身裤
products/yoga-wear|active|Vêtements de yoga|Ropa de yoga|Roupa de ioga|Одежда для йоги|瑜伽服装
products/youth-sportswear|team|Vêtements de sport pour jeunes|Ropa deportiva juvenil|Roupa desportiva juvenil|Детская и юношеская спортивная одежда|儿童与青少年运动服装
resources/index|resources|Guides pour les acheteurs|Guías para compradores|Guias para compradores|Руководства для покупателей|采购商资料中心
resources/activewear-fabric-selection-guide|fabric|Choisir les tissus de votre collection|Elige los tejidos de tu colección|Escolher os tecidos da sua coleção|Выбор тканей для коллекции|运动面料选择指南
resources/activewear-seam-stitch-construction-guide|construction|Coutures et assemblage|Costuras y confección|Costuras e confeção|Швы и конструкция изделий|运动服装接缝与车缝工艺
resources/activewear-size-grading-guide|sizing|Tailles et gradation|Tallas y escalado|Tamanhos e graduação|Размеры и градация лекал|运动服装尺码与放码
resources/apparel-purchase-order-checklist|commercial|Vérifier le bon de commande|Revisa la orden de compra|Verificar a ordem de compra|Проверка заказа на производство|大货生产前的采购订单核对
resources/custom-sportswear-cost-lead-time|commercial|Coûts et délais de fabrication|Costes y plazos de fabricación|Custos e prazos de produção|Стоимость и сроки производства|定制运动服装成本与交期
resources/custom-sportswear-tech-pack|construction|Préparer un dossier technique|Prepara una ficha técnica|Preparar uma ficha técnica|Подготовка технического пакета|服装工艺单与技术资料准备
resources/grs-recycled-activewear-certification-evidence-guide|certification|Vérifier les preuves GRS et les matières recyclées|Verifica las pruebas GRS y los materiales reciclados|Verificar evidências GRS e materiais reciclados|Проверка GRS и переработанных материалов|GRS 与再生材料证据核查
resources/oem-vs-odm-sportswear|manufacturing|Choisir entre OEM et ODM|Elige entre OEM y ODM|Escolher entre OEM e ODM|Выбор между OEM и ODM|OEM 与 ODM 制造方式比较
resources/private-label-activewear-moq|commercial|Comprendre les quantités minimales|Comprende las cantidades mínimas|Compreender as quantidades mínimas|Минимальные объёмы заказа|自有品牌运动服装起订量
resources/sportswear-aql-inspection-checklist|qc|Inspection AQL avant expédition|Inspección AQL antes del envío|Inspeção AQL antes da expedição|Приёмочный контроль AQL перед отгрузкой|AQL 抽检与出货前检验
resources/sportswear-logo-artwork-preparation-guide|artwork|Fichiers de logo et d’impression|Archivos de logotipo e impresión|Ficheiros de logótipo e impressão|Файлы логотипов и печати|标志与印花文件准备
resources/sportswear-manufacturer-due-diligence-checklist|supplier|Évaluer un fabricant de vêtements de sport|Evalúa a un fabricante de ropa deportiva|Avaliar um fabricante de roupa desportiva|Проверка производителя спортивной одежды|运动服装供应商尽职调查
resources/sportswear-packaging-label-handoff-checklist|packaging|Valider étiquettes et emballages|Valida etiquetas y embalajes|Validar etiquetas e embalagens|Согласование этикеток и упаковки|包装与标签交接清单
resources/sportswear-sample-approval-checklist|sampling|Valider les échantillons|Aprueba las muestras|Aprovar as amostras|Утверждение образцов|样品确认清单
resources/teamwear-roster-packing-guide|team|Listes de joueurs et préparation des colis|Listas de jugadores y preparación de paquetes|Listas de jogadores e preparação de volumes|Списки игроков и комплектация|队员名单与队服装箱
blog/index|blog|Conseils de fabrication|Consejos de fabricación|Conselhos de produção|Практика производства|运动服装制造专栏
blog/activewear-inclusive-sizing-fit-test|sizing|Tester les tailles et les morphologies|Prueba tallas y proporciones corporales|Testar tamanhos e proporções corporais|Проверка размеров и пропорций фигуры|不同尺码与体型的试穿验证
blog/activewear-leggings-quality-testing|active|Tester l’opacité et la tenue des leggings|Prueba la opacidad y el ajuste de los leggings|Testar a opacidade e o ajuste dos leggings|Проверка непрозрачности и посадки легинсов|紧身裤遮透、版型与起球测试
blog/activewear-odor-resistance-antibacterial-test|testing|Vérifier les allégations anti-odeurs|Verifica las afirmaciones de control de olores|Verificar alegações de controlo de odores|Проверка заявлений о защите от запаха|抗异味与抗菌性能验证
blog/apparel-incoterms-exw-fob-ddp-landed-cost|shipping|Comparer les conditions de livraison|Compara las condiciones de entrega|Comparar as condições de entrega|Сравнение условий поставки|EXW、FCA、FOB、DAP 与 DDP 交付条件
blog/apparel-print-wash-test-logo-durability|artwork|Tester la résistance des logos au lavage|Prueba la resistencia del logotipo al lavado|Testar a resistência do logótipo à lavagem|Проверка стойкости логотипов к стирке|印花与标志耐洗测试
blog/clothing-sample-rounds-before-bulk-production|sampling|Organiser les étapes d’échantillonnage|Organiza las etapas de muestreo|Organizar as etapas de amostragem|Планирование этапов изготовления образцов|大货前如何安排样品轮次
blog/clothing-sample-to-bulk-quality-control|qc|Maintenir la qualité de l’échantillon à la série|Mantén la calidad de la muestra a la producción|Manter a qualidade da amostra à produção|Сохранение качества от образца до партии|从样品到大货的一致性控制
blog/custom-apparel-packaging-moq-inventory-planning|packaging|Planifier les stocks d’emballages|Planifica el inventario de embalajes|Planear o stock de embalagens|Планирование запасов упаковки|包装起订量与库存规划
blog/first-activewear-collection-manufacturing-checklist|planning|Préparer votre première collection|Prepara tu primera colección|Preparar a sua primeira coleção|Подготовка первой коллекции|首个运动服装系列的生产准备
blog/garment-inspection-failed-rework-reinspection|qc|Gérer une inspection non conforme|Gestiona una inspección no conforme|Gerir uma inspeção não conforme|Действия при неудовлетворительной проверке|验货不合格后的返工与复检
blog/moisture-wicking-quick-dry-activewear-test|testing|Tester l’évacuation de l’humidité et le séchage|Prueba la evacuación de humedad y el secado|Testar a gestão de humidade e a secagem|Проверка отвода влаги и скорости высыхания|吸湿排汗与速干测试
blog/running-shorts-chafing-ride-up-test|endurance|Tester le confort des shorts de course|Prueba la comodidad de los pantalones de running|Testar o conforto dos calções de corrida|Проверка комфорта беговых шорт|跑步短裤摩擦、上窜与口袋晃动测试
blog/sports-bra-fit-support-wear-test|active|Tester le maintien des brassières|Prueba la sujeción del sujetador deportivo|Testar o suporte dos soutiens desportivos|Проверка поддержки спортивных бра|运动文胸版型、支撑与舒适度
blog/sportswear-sublimation-color-matching-guide|artwork|Contrôler les couleurs en sublimation|Controla los colores en sublimación|Controlar as cores na sublimação|Контроль цвета при сублимации|热升华印花颜色管理
blog/us-clothing-label-requirements-private-label|certification|Préparer les étiquettes pour le marché américain|Prepara las etiquetas para el mercado estadounidense|Preparar etiquetas para o mercado norte-americano|Подготовка этикеток для рынка США|美国市场服装标签准备
blog/verify-ai-generated-tech-pack|construction|Vérifier un dossier technique généré par IA|Verifica una ficha técnica generada con IA|Verificar uma ficha técnica gerada por IA|Проверка техпакета, созданного ИИ|AI 工艺单的打样前核查
blog/volleyball-uniform-rules-checklist|team|Vérifier les règles des tenues de volleyball|Verifica las reglas de uniformes de voleibol|Verificar as regras dos equipamentos de voleibol|Проверка требований к волейбольной форме|排球队服规则与赛事确认
blog/youth-team-uniform-sizing-order-checklist|sizing|Valider les tailles des équipes de jeunes|Valida las tallas de los equipos juveniles|Validar os tamanhos das equipas jovens|Проверка размеров юношеской формы|青少年队服尺码与赛季订单
