date,owner,task_type,target_url_or_asset,user_or_query_problem,evidence_source,change_summary,primary_metric,baseline_value,review_date,result,status,next_action
2026-08-19,Codex,baseline,whole-site,Establish technical baseline,scripts/audit_static_site.py,"114 HTML; 111 sitemap URLs; 114 unique canonicals/titles/descriptions; 0 audit errors",audit_errors,0,2026-09-19,,complete,Obtain production GSC and GA4 baseline
2026-08-19,Codex,commercial_page_upgrade,https://glorystarwears.com/,Answer high-intent MOQ and production schedule questions,Homepage content and buyer-intent review,"Added visible and structured FAQ answers for MOQ and schedule; normalized international telephone links on home and contact pages",GSC commercial-query impressions,,2026-09-16,,complete,Compare homepage queries and inquiry behavior after 28 days
2026-08-20,Codex,technical_quality,whole-site,Prevent visible FAQ and FAQPage schema drift,Homepage browser QA and audit gap review,"Enhanced the static audit to compare visible FAQ questions against declared FAQPage JSON-LD in both directions; added FAQ coverage counts",structured_data_errors,0,2026-09-20,,complete,Keep the enhanced check in CI
2026-08-20,Codex,indexing_signal,whole-site,Keep sitemap and visible modification dates verifiably accurate,Visible article dates plus page dateModified and sitemap comparison,"Added automated sitemap/dateModified and visible article-date validation; synchronized the homepage plus ten previously inconsistent page/date records",date_consistency_errors,10,2026-09-20,0,complete,Update dates only after significant page changes
2026-08-20,Codex,content_trust,articles-and-guides,Make article authorship explicit and internally consistent,Visible bylines plus Article and BlogPosting JSON-LD,"Aligned 29 article bylines and structured authors to the public product development team entity; added automated author URL and publisher validation",authorship_consistency_errors,29,2026-09-20,0,complete,Keep the author entity linked to the editorial policy on every new article
2026-08-20,Codex,internal_linking,https://glorystarwears.com/faq.html,Turn an isolated FAQ into a buyer-intent routing page,Contextual inlink crawl plus current Google link guidance,"Added descriptive contextual links from ten buyer questions to MOQ, OEM/ODM, customization, product, quote, packaging, teamwear, quality, and fabric pages; added a homepage FAQ entry",faq_contextual_inlinks,0,2026-09-20,11,complete,Compare assisted visits and target-page queries after 28 days
2026-08-20,Codex,rule_correction,whole-site,Stop treating deprecated FAQ rich results as an SEO target,Google Search documentation update dated June 15 2026,"Removed page-specific audit requirements that forced FAQPage markup; retained visible FAQs and consistency checks for existing markup; documented the current rule",required_faq_rich_result_markers,9,2026-09-20,0,complete,Do not add FAQPage solely for Google rich-result eligibility
2026-08-20,Codex,preferred_image_quality,all-indexable-pages,Protect preferred image metadata used for search and sharing,Google image metadata guidance plus local page inventory,"Added automated checks for OG title description type URL image social card image canonical agreement and local image existence",preferred_image_metadata_errors,0,2026-09-20,0,complete,Keep the preferred-image check in CI
2026-08-20,Codex,deployment_hygiene,vercel-production-bundle,Prevent development files and local variables from entering the public deployment,Vercel deployment dry-run manifest,"Expanded .vercelignore to exclude nested development variables, Worker source, build state, internal SEO documents, audit scripts, and temporary outputs; verified required website and API files remain",excluded_development_paths_in_manifest,4,2026-09-20,0,complete,Run the deployment-manifest gate before every production release
2026-08-20,Codex,topic_cluster_internal_linking,commercial-hubs,Connect decision-support content to the page that owns each commercial intent,Main-content link graph plus current Google link guidance,"Added 10 descriptive contextual links across cost, production-control, volleyball, youth-teamwear, and yoga-legging pages; added visible inline-link states and semantic main-content link checks; preserved existing page dates because navigation-only changes are not substantive content updates",contextual_support_links,0,2026-09-20,10,complete,Compare assisted visits and target-page queries after 28 days
2026-08-20,Codex,conversion_journey,all-primary-content-ctas,Reduce friction between an organic landing page and the quote form,Main-content CTA inventory plus the existing contact form anchor and source-page preselection,"Routed 157 primary content CTAs and the dynamic mobile quote actions directly to contact.html#quote-form without changing page dates; added a semantic regression check",primary_ctas_bypassing_form_anchor,157,2026-09-17,0,complete,Compare contact_click to quote_start and lead_submit_success or WhatsApp outcomes after 28 days
2026-08-21,Codex,intent_differentiation,custom-teamwear-uniforms.html + products/custom-sublimated-teamwear.html,Prevent two core teamwear commercial pages from answering the same procurement task,Deterministic visible-text cosine review plus current Google canonicalization and title guidance,"Separated multi-sport season and program planning from full-color sublimation artwork, production-fabric color approval, and release controls; clarified cross-page route labels and synchronized metadata",pairwise_visible_text_cosine_similarity,0.8014,2026-09-18,0.7666,complete,Compare page-by-query impressions and Google-selected canonicals after 28 days
2026-08-21,Codex,trust_evidence,https://glorystarwears.com/factory-video.html,Prevent illustrative media and conditional availability from being mistaken for verified factory evidence,Trust evidence intake plus page claim and image-alt inventory,"Disclosed four illustrative visuals and the absence of published source-verified factory footage; replaced one unconditional live-call answer with project-specific availability boundaries; added a 47-field media verification register, intent ownership map, and automated truth-boundary checks",factory_media_truth_boundary_issues,5,2026-09-18,0,complete,Replace illustrative assets only after source date site authorization and publication scope are verified
2026-08-21,Codex,intent_differentiation,index.html + sportswear-manufacturer.html,Separate broad homepage discovery from private-label supplier-route evaluation,Diagnostic main-only visible-text cosine plus the stable homepage Search Console baseline,"Kept the homepage, URL, title, and H1 stable; made the commercial page project-specific around GloryStarWear quote reviews, proposed responsibilities, evidence limits, product-brief ownership, and written supplier scope; handed the generic OEM-versus-ODM method to its resource page; disclosed illustrative visuals and added an automated reporting metric",homepage_manufacturer_main_text_cosine_similarity,0.7904,2026-09-18,0.6583,complete,Use this as a diagnostic only and compare page-by-query impressions and Google-selected canonicals after 28 days before changing either title
2026-08-25,Codex,trust_evidence,case-studies.html + all internal anchors,Prevent hypothetical planning material from being mistaken for completed customer case studies,Trust evidence intake plus sitewide anchor and image-status inventory,"Reframed four examples as hypothetical briefs; disclosed all four visuals; corrected 117 misleading case-study anchors and AI-facing summary labels; added automated truth-boundary checks",misleading_case_claim_anchors,117,2026-09-22,0,complete,Use verified case-study wording only after buyer authorization and evidence review
2026-08-27,Codex,commercial_page_upgrade,https://glorystarwears.com/private-label-activewear-manufacturer.html,Improve relevance for activewear private label and startup collection-planning searches,Recorded Search Console non-brand impressions plus intent-map review,"Strengthened title description and H1; added an answer-first six-step first-collection framework; connected the collection planner tech-pack template and low-complexity order route; synchronized structured and sitemap modification dates",GSC non-brand impressions and average position,8 impressions at position 88.1 in 2026-07-29 baseline,2026-09-24,,complete,Compare page queries impressions CTR and qualified inquiry actions after 28 days
2026-08-27,Codex,product_topic_expansion,products catalog + llms.txt,Add researched high-intent sportswear coverage without thin pages or keyword cannibalization,"Official competitor product taxonomies; existing product inventory; static SEO and GEO audit","Added eight specification-led product pages with four contextual inlink sources each; reframed two combined categories as evidence-bounded program hubs; separated padded American football from flag and 7v7 intent; enriched five thin or parent pages; added static buyer answers truthful illustrative-media labels and complete AI-facing product discovery",concrete_product_pages_in_llms_index,21 of 59,2026-09-24,67 of 67,complete,Compare new-page discovery queries impressions assisted visits and qualified quote starts after 28 days
2026-08-28,Codex,conversion_content_upgrade,fabrics.html + quote forms + product detail explorer,Help buyers move from material research to a qualified product-specific inquiry,Conversion UX audit plus technical SEO and GEO audit,"Added a 16-direction fabric and color planning library with search filters and a four-item shortlist; exposed quantity market and target-date inputs; added buyer-authorized reference links exact category routing buyer-type routes product-level planning downloads and trailing-slash redirects; expanded llms discovery for low MOQ and FAQs",qualified_quote_context_coverage,0,2026-09-25,16 fabric directions + 2 quote forms + 67 product pages,complete,Compare fabric shortlist use product buyer-route selection quote starts and qualified lead submissions after 28 days
2026-08-28,Codex,product_topic_expansion,products catalog + category hubs + llms.txt,Expand high-intent product coverage while keeping every commercial page distinct and evidence bounded,"Previous ten-site competitor brief; official sport rule sources; product intent and internal-link audit","Added six static specification-led pages for running shorts badminton gym leggings boxing handball and padel; separated running shorts from gym bottoms and broad racket planning from sport-specific pages; added official-source boundaries contextual inlinks inquiry routing hub ItemLists keywords citations and complete AI-facing discovery",concrete_product_pages_in_llms_index,67 of 67,2026-09-25,73 of 73,complete,Compare page-by-query discovery impressions assisted visits quote starts and qualified inquiries after 28 days
2026-08-28,Codex,product_topic_expansion,products catalog + four priority product pages + llms.txt,Add distinct sport-product commercial coverage and deepen static buyer-decision content for search and AI discovery,"Previous ten-site competitor brief; official FIFA ITTF IBF WDF WFDF and IWF sources; intent cannibalization and internal-link audit","Added futsal table-tennis bowling darts ultimate and weightlifting specification pages; enriched yoga leggings athleisure soccer uniforms and seamless activewear with static matrices capability boundaries direct answers and keyword ownership; synchronized parent ItemLists inquiry routing catalogue filters sitemap and AI discovery",concrete_product_pages_in_llms_index,73 of 73,2026-09-25,79 of 79,complete,Compare page-by-query discovery impressions assisted visits quote starts and qualified inquiries after 28 days
